{"cameraMode":{"drawMode":0,"name":"Shaded","section":"Shading Mode"},"sceneLighting":false,"audioPlay":false,"sceneViewState":{"showFog":true,"showMaterialUpdate":false,"showSkybox":false,"showFlares":true,"showImageEffects":true,"showParticleSystems":true},"in2DMode":false,"pivot":{"x":20.72353744506836,"y":-87.32537841796875,"z":-8.0},"rotation":{"x":-0.014698914252221585,"y":0.9334095120429993,"z":-0.35707294940948489,"w":-0.036417167633771899},"size":2.8578836917877199,"orthographic":false}